[
    {
        "pk": 1,
        "model": "softball.team",
        "fields": {
            "updated_on": "2012-11-04T03:21:04.572Z",
            "created_on": "2012-11-04T03:21:04.572Z",
            "name": "Yankees"
        }
    },
    {
        "pk": 2,
        "model": "softball.team",
        "fields": {
            "updated_on": "2012-11-04T03:21:30.677Z",
            "created_on": "2012-11-04T03:21:30.677Z",
            "name": "Mets"
        }
    },
    {
        "pk": 3,
        "model": "softball.team",
        "fields": {
            "updated_on": "2012-11-04T03:21:39.553Z",
            "created_on": "2012-11-04T03:21:39.553Z",
            "name": "Dodgers"
        }
    },
    {
        "pk": 4,
        "model": "softball.team",
        "fields": {
            "updated_on": "2012-11-04T04:02:41.754Z",
            "created_on": "2012-11-04T04:02:41.754Z",
            "name": "Giants"
        }
    },
    {
        "pk": 62,
        "model": "softball.player",
        "fields": {
            "updated_on": "2012-11-04T03:21:04.572Z",
            "created_on": "2012-11-04T03:21:04.572Z",
            "team": 4,
            "name": "Adam Ayers",
            "number": 63
        }
    },
    {
        "pk": 16,
        "model": "softball.player",
        "fields": {
            "updated_on": "2012-11-04T03:21:04.572Z",
            "created_on": "2012-11-04T03:21:04.572Z",
            "team": 1,
            "name": "Alan Frisby",
            "number": 16
        }
    },
    {
        "pk": 25,
        "model": "softball.player",
        "fields": {
            "updated_on": "2012-11-04T03:21:04.572Z",
            "created_on": "2012-11-04T03:21:04.572Z",
            "team": 2,
            "name": "Alice Vaughan",
            "number": 25
        }
    },
    {
        "pk": 66,
        "model": "softball.player",
        "fields": {
            "updated_on": "2012-11-04T03:21:04.572Z",
            "created_on": "2012-11-04T03:21:04.572Z",
            "team": 4,
            "name": "Alicia Cloutier",
            "number": 67
        }
    },
    {
        "pk": 35,
        "model": "softball.player",
        "fields": {
            "updated_on": "2012-11-04T03:21:04.572Z",
            "created_on": "2012-11-04T03:21:04.572Z",
            "team": 2,
            "name": "Alicia Mccollum",
            "number": 35
        }
    },
    {
        "pk": 14,
        "model": "softball.player",
        "fields": {
            "updated_on": "2012-11-04T03:21:04.572Z",
            "created_on": "2012-11-04T03:21:04.572Z",
            "team": 1,
            "name": "Anne Sumpter",
            "number": 14
        }
    },
    {
        "pk": 41,
        "model": "softball.player",
        "fields": {
            "updated_on": "2012-11-04T03:21:04.572Z",
            "created_on": "2012-11-04T03:21:04.572Z",
            "team": 3,
            "name": "Beth Crampton",
            "number": 41
        }
    },
    {
        "pk": 36,
        "model": "softball.player",
        "fields": {
            "updated_on": "2012-11-04T03:21:04.572Z",
            "created_on": "2012-11-04T03:21:04.572Z",
            "team": 2,
            "name": "Beverly Bissell",
            "number": 36
        }
    },
    {
        "pk": 59,
        "model": "softball.player",
        "fields": {
            "updated_on": "2012-11-04T03:21:04.572Z",
            "created_on": "2012-11-04T03:21:04.572Z",
            "team": 3,
            "name": "Bob Mintz",
            "number": 54
        }
    },
    {
        "pk": 29,
        "model": "softball.player",
        "fields": {
            "updated_on": "2012-11-04T03:21:04.572Z",
            "created_on": "2012-11-04T03:21:04.572Z",
            "team": 2,
            "name": "Brandon Lapointe",
            "number": 29
        }
    },
    {
        "pk": 47,
        "model": "softball.player",
        "fields": {
            "updated_on": "2012-11-04T03:21:04.572Z",
            "created_on": "2012-11-04T03:21:04.572Z",
            "team": 3,
            "name": "Brandy Herd",
            "number": 47
        }
    },
    {
        "pk": 23,
        "model": "softball.player",
        "fields": {
            "updated_on": "2012-11-04T03:21:04.572Z",
            "created_on": "2012-11-04T03:21:04.572Z",
            "team": 2,
            "name": "Brittany Perez",
            "number": 23
        }
    },
    {
        "pk": 58,
        "model": "softball.player",
        "fields": {
            "updated_on": "2012-11-04T03:21:04.572Z",
            "created_on": "2012-11-04T03:21:04.572Z",
            "team": 3,
            "name": "Brittany Stribling",
            "number": 60
        }
    },
    {
        "pk": 34,
        "model": "softball.player",
        "fields": {
            "updated_on": "2012-11-04T03:21:04.572Z",
            "created_on": "2012-11-04T03:21:04.572Z",
            "team": 2,
            "name": "Bruce Gallegos",
            "number": 34
        }
    },
    {
        "pk": 48,
        "model": "softball.player",
        "fields": {
            "updated_on": "2012-11-04T03:21:04.572Z",
            "created_on": "2012-11-04T03:21:04.572Z",
            "team": 3,
            "name": "Catherine Libby",
            "number": 48
        }
    },
    {
        "pk": 64,
        "model": "softball.player",
        "fields": {
            "updated_on": "2012-11-04T03:21:04.572Z",
            "created_on": "2012-11-04T03:21:04.572Z",
            "team": 4,
            "name": "Cheryl Testa",
            "number": 65
        }
    },
    {
        "pk": 13,
        "model": "softball.player",
        "fields": {
            "updated_on": "2012-11-04T03:21:04.572Z",
            "created_on": "2012-11-04T03:21:04.572Z",
            "team": 1,
            "name": "Curtis Tatro",
            "number": 13
        }
    },
    {
        "pk": 56,
        "model": "softball.player",
        "fields": {
            "updated_on": "2012-11-04T03:21:04.572Z",
            "created_on": "2012-11-04T03:21:04.572Z",
            "team": 3,
            "name": "Daisy Rock",
            "number": 58
        }
    },
    {
        "pk": 45,
        "model": "softball.player",
        "fields": {
            "updated_on": "2012-11-04T03:21:04.572Z",
            "created_on": "2012-11-04T03:21:04.572Z",
            "team": 3,
            "name": "Daniel Ayotte",
            "number": 45
        }
    },
    {
        "pk": 3,
        "model": "softball.player",
        "fields": {
            "updated_on": "2012-11-04T03:21:04.572Z",
            "created_on": "2012-11-04T03:21:04.572Z",
            "team": 1,
            "name": "Daniel Ramage",
            "number": 3
        }
    },
    {
        "pk": 9,
        "model": "softball.player",
        "fields": {
            "updated_on": "2012-11-04T03:21:04.572Z",
            "created_on": "2012-11-04T03:21:04.572Z",
            "team": 1,
            "name": "Danny Salcido",
            "number": 9
        }
    },
    {
        "pk": 33,
        "model": "softball.player",
        "fields": {
            "updated_on": "2012-11-04T03:21:04.572Z",
            "created_on": "2012-11-04T03:21:04.572Z",
            "team": 2,
            "name": "Duquette",
            "number": 33
        }
    },
    {
        "pk": 18,
        "model": "softball.player",
        "fields": {
            "updated_on": "2012-11-04T03:21:04.572Z",
            "created_on": "2012-11-04T03:21:04.572Z",
            "team": 2,
            "name": "Edward Heilman",
            "number": 18
        }
    },
    {
        "pk": 63,
        "model": "softball.player",
        "fields": {
            "updated_on": "2012-11-04T03:21:04.572Z",
            "created_on": "2012-11-04T03:21:04.572Z",
            "team": 4,
            "name": "Ernest Eyler",
            "number": 64
        }
    },
    {
        "pk": 2,
        "model": "softball.player",
        "fields": {
            "updated_on": "2012-11-04T03:21:04.572Z",
            "created_on": "2012-11-04T03:21:04.572Z",
            "team": 1,
            "name": "Ernest Oshea",
            "number": 2
        }
    },
    {
        "pk": 52,
        "model": "softball.player",
        "fields": {
            "updated_on": "2012-11-04T03:21:04.572Z",
            "created_on": "2012-11-04T03:21:04.572Z",
            "team": 3,
            "name": "Evelyn Mintz",
            "number": 54
        }
    },
    {
        "pk": 24,
        "model": "softball.player",
        "fields": {
            "updated_on": "2012-11-04T03:21:04.572Z",
            "created_on": "2012-11-04T03:21:04.572Z",
            "team": 2,
            "name": "Fannie Player",
            "number": 24
        }
    },
    {
        "pk": 27,
        "model": "softball.player",
        "fields": {
            "updated_on": "2012-11-04T03:21:04.572Z",
            "created_on": "2012-11-04T03:21:04.572Z",
            "team": 2,
            "name": "Gary Eyler",
            "number": 27
        }
    },
    {
        "pk": 8,
        "model": "softball.player",
        "fields": {
            "updated_on": "2012-11-04T03:21:04.572Z",
            "created_on": "2012-11-04T03:21:04.572Z",
            "team": 1,
            "name": "George Wacker",
            "number": 8
        }
    },
    {
        "pk": 38,
        "model": "softball.player",
        "fields": {
            "updated_on": "2012-11-04T03:21:04.572Z",
            "created_on": "2012-11-04T03:21:04.572Z",
            "team": 2,
            "name": "Glenda Dale",
            "number": 38
        }
    },
    {
        "pk": 12,
        "model": "softball.player",
        "fields": {
            "updated_on": "2012-11-04T03:21:04.572Z",
            "created_on": "2012-11-04T03:21:04.572Z",
            "team": 1,
            "name": "Harold Schmitz",
            "number": 12
        }
    },
    {
        "pk": 26,
        "model": "softball.player",
        "fields": {
            "updated_on": "2012-11-04T03:21:04.572Z",
            "created_on": "2012-11-04T03:21:04.572Z",
            "team": 2,
            "name": "Harriet Harvey",
            "number": 26
        }
    },
    {
        "pk": 49,
        "model": "softball.player",
        "fields": {
            "updated_on": "2012-11-04T03:21:04.572Z",
            "created_on": "2012-11-04T03:21:04.572Z",
            "team": 3,
            "name": "Henry Nicks",
            "number": 49
        }
    },
    {
        "pk": 32,
        "model": "softball.player",
        "fields": {
            "updated_on": "2012-11-04T03:21:04.572Z",
            "created_on": "2012-11-04T03:21:04.572Z",
            "team": 2,
            "name": "Hilda Rice",
            "number": 32
        }
    },
    {
        "pk": 15,
        "model": "softball.player",
        "fields": {
            "updated_on": "2012-11-04T03:21:04.572Z",
            "created_on": "2012-11-04T03:21:04.572Z",
            "team": 1,
            "name": "Holly Wilder",
            "number": 15
        }
    },
    {
        "pk": 11,
        "model": "softball.player",
        "fields": {
            "updated_on": "2012-11-04T03:21:04.572Z",
            "created_on": "2012-11-04T03:21:04.572Z",
            "team": 1,
            "name": "Howard Ferreira",
            "number": 11
        }
    },
    {
        "pk": 22,
        "model": "softball.player",
        "fields": {
            "updated_on": "2012-11-04T03:21:04.572Z",
            "created_on": "2012-11-04T03:21:04.572Z",
            "team": 2,
            "name": "Howard Mcqueen",
            "number": 22
        }
    },
    {
        "pk": 40,
        "model": "softball.player",
        "fields": {
            "updated_on": "2012-11-04T03:21:04.572Z",
            "created_on": "2012-11-04T03:21:04.572Z",
            "team": 3,
            "name": "Ida Jacobo",
            "number": 40
        }
    },
    {
        "pk": 68,
        "model": "softball.player",
        "fields": {
            "updated_on": "2012-11-04T04:04:52.627Z",
            "created_on": "2012-11-04T03:21:04.572Z",
            "team": 4,
            "name": "Jack Calton",
            "number": 69
        }
    },
    {
        "pk": 60,
        "model": "softball.player",
        "fields": {
            "updated_on": "2012-11-04T04:04:52.627Z",
            "created_on": "2012-11-04T03:21:04.572Z",
            "team": 4,
            "name": "Jeremy Benavidez",
            "number": 61
        }
    },
    {
        "pk": 1,
        "model": "softball.player",
        "fields": {
            "updated_on": "2012-11-04T03:21:04.572Z",
            "created_on": "2012-11-04T03:21:04.572Z",
            "team": 1,
            "name": "Jerry Click",
            "number": 1
        }
    },
    {
        "pk": 53,
        "model": "softball.player",
        "fields": {
            "updated_on": "2012-11-04T03:21:04.572Z",
            "created_on": "2012-11-04T03:21:04.572Z",
            "team": 3,
            "name": "Jerry Jankowski",
            "number": 55
        }
    },
    {
        "pk": 20,
        "model": "softball.player",
        "fields": {
            "updated_on": "2012-11-04T03:21:04.572Z",
            "created_on": "2012-11-04T03:21:04.572Z",
            "team": 2,
            "name": "Joann Dyer",
            "number": 20
        }
    },
    {
        "pk": 51,
        "model": "softball.player",
        "fields": {
            "updated_on": "2012-11-04T03:21:04.572Z",
            "created_on": "2012-11-04T03:21:04.572Z",
            "team": 3,
            "name": "Joe Haller",
            "number": 51
        }
    },
    {
        "pk": 55,
        "model": "softball.player",
        "fields": {
            "updated_on": "2012-11-04T03:21:04.572Z",
            "created_on": "2012-11-04T03:21:04.572Z",
            "team": 3,
            "name": "Jonathan Corder",
            "number": 57
        }
    },
    {
        "pk": 10,
        "model": "softball.player",
        "fields": {
            "updated_on": "2012-11-04T03:21:04.572Z",
            "created_on": "2012-11-04T03:21:04.572Z",
            "team": 1,
            "name": "Joseph Hair",
            "number": 10
        }
    },
    {
        "pk": 6,
        "model": "softball.player",
        "fields": {
            "updated_on": "2012-11-04T03:21:04.572Z",
            "created_on": "2012-11-04T03:21:04.572Z",
            "team": 1,
            "name": "Juan Holmquist",
            "number": 6
        }
    },
    {
        "pk": 4,
        "model": "softball.player",
        "fields": {
            "updated_on": "2012-11-04T03:21:04.572Z",
            "created_on": "2012-11-04T03:21:04.572Z",
            "team": 1,
            "name": "Katrina Bergin",
            "number": 4
        }
    },
    {
        "pk": 54,
        "model": "softball.player",
        "fields": {
            "updated_on": "2012-11-04T03:21:04.572Z",
            "created_on": "2012-11-04T03:21:04.572Z",
            "team": 3,
            "name": "Kayla Weathersby",
            "number": 56
        }
    },
    {
        "pk": 30,
        "model": "softball.player",
        "fields": {
            "updated_on": "2012-11-04T03:21:04.572Z",
            "created_on": "2012-11-04T03:21:04.572Z",
            "team": 2,
            "name": "Lillie Cloud",
            "number": 30
        }
    },
    {
        "pk": 21,
        "model": "softball.player",
        "fields": {
            "updated_on": "2012-11-04T03:21:04.572Z",
            "created_on": "2012-11-04T03:21:04.572Z",
            "team": 2,
            "name": "Louis Asberry",
            "number": 21
        }
    },
    {
        "pk": 39,
        "model": "softball.player",
        "fields": {
            "updated_on": "2012-11-04T03:21:04.572Z",
            "created_on": "2012-11-04T03:21:04.572Z",
            "team": 3,
            "name": "Lucille Bohannon",
            "number": 39
        }
    },
    {
        "pk": 43,
        "model": "softball.player",
        "fields": {
            "updated_on": "2012-11-04T03:21:04.572Z",
            "created_on": "2012-11-04T03:21:04.572Z",
            "team": 3,
            "name": "Luz Ullman",
            "number": 43
        }
    },
    {
        "pk": 42,
        "model": "softball.player",
        "fields": {
            "updated_on": "2012-11-04T03:21:04.572Z",
            "created_on": "2012-11-04T03:21:04.572Z",
            "team": 3,
            "name": "Marcia Kiely",
            "number": 42
        }
    },
    {
        "pk": 67,
        "model": "softball.player",
        "fields": {
            "updated_on": "2012-11-04T03:21:04.572Z",
            "created_on": "2012-11-04T03:21:04.572Z",
            "team": 4,
            "name": "Margie Randell",
            "number": 68
        }
    },
    {
        "pk": 7,
        "model": "softball.player",
        "fields": {
            "updated_on": "2012-11-04T03:21:04.572Z",
            "created_on": "2012-11-04T03:21:04.572Z",
            "team": 1,
            "name": "Mcguinness",
            "number": 7
        }
    },
    {
        "pk": 28,
        "model": "softball.player",
        "fields": {
            "updated_on": "2012-11-04T03:21:04.572Z",
            "created_on": "2012-11-04T03:21:04.572Z",
            "team": 2,
            "name": "Mike Loy",
            "number": 28
        }
    },
    {
        "pk": 61,
        "model": "softball.player",
        "fields": {
            "updated_on": "2012-11-04T03:21:04.572Z",
            "created_on": "2012-11-04T03:21:04.572Z",
            "team": 4,
            "name": "Patrick Kitts",
            "number": 62
        }
    },
    {
        "pk": 17,
        "model": "softball.player",
        "fields": {
            "updated_on": "2012-11-04T03:21:04.572Z",
            "created_on": "2012-11-04T03:21:04.572Z",
            "team": 1,
            "name": "Philip Tremblay",
            "number": 17
        }
    },
    {
        "pk": 50,
        "model": "softball.player",
        "fields": {
            "updated_on": "2012-11-04T03:21:04.572Z",
            "created_on": "2012-11-04T03:21:04.572Z",
            "team": 3,
            "name": "Rita Tillman",
            "number": 50
        }
    },
    {
        "pk": 44,
        "model": "softball.player",
        "fields": {
            "updated_on": "2012-11-04T03:21:04.572Z",
            "created_on": "2012-11-04T03:21:04.572Z",
            "team": 3,
            "name": "Samuel Pate",
            "number": 44
        }
    },
    {
        "pk": 31,
        "model": "softball.player",
        "fields": {
            "updated_on": "2012-11-04T03:21:04.572Z",
            "created_on": "2012-11-04T03:21:04.572Z",
            "team": 2,
            "name": "Samuel Salvatore",
            "number": 31
        }
    },
    {
        "pk": 65,
        "model": "softball.player",
        "fields": {
            "updated_on": "2012-11-04T03:21:04.572Z",
            "created_on": "2012-11-04T03:21:04.572Z",
            "team": 4,
            "name": "Scott Grice",
            "number": 66
        }
    },
    {
        "pk": 19,
        "model": "softball.player",
        "fields": {
            "updated_on": "2012-11-04T03:21:04.572Z",
            "created_on": "2012-11-04T03:21:04.572Z",
            "team": 2,
            "name": "Shawn Beller",
            "number": 19
        }
    },
    {
        "pk": 57,
        "model": "softball.player",
        "fields": {
            "updated_on": "2012-11-04T03:21:04.572Z",
            "created_on": "2012-11-04T03:21:04.572Z",
            "team": 3,
            "name": "Susie Parish",
            "number": 59
        }
    },
    {
        "pk": 5,
        "model": "softball.player",
        "fields": {
            "updated_on": "2012-11-04T03:21:04.572Z",
            "created_on": "2012-11-04T03:21:04.572Z",
            "team": 1,
            "name": "Tony Welty",
            "number": 5
        }
    },
    {
        "pk": 46,
        "model": "softball.player",
        "fields": {
            "updated_on": "2012-11-04T03:21:04.572Z",
            "created_on": "2012-11-04T03:21:04.572Z",
            "team": 3,
            "name": "Velma Hart",
            "number": 46
        }
    },
    {
        "pk": 37,
        "model": "softball.player",
        "fields": {
            "updated_on": "2012-11-04T03:21:04.572Z",
            "created_on": "2012-11-04T03:21:04.572Z",
            "team": 2,
            "name": "Wayne Bruns",
            "number": 37
        }
    },
    {
        "pk": 1,
        "model": "softball.game",
        "fields": {
            "created_on": "2012-11-04T03:58:25.223Z",
            "home_roster": 1,
            "location": "Field A",
            "played_on": "2012-11-03T13:58:24Z",
            "away_roster": 6,
            "updated_on": "2012-11-04T03:58:25.223Z"
        }
    },
    {
        "pk": 2,
        "model": "softball.game",
        "fields": {
            "created_on": "2012-11-04T03:58:48.264Z",
            "home_roster": 10,
            "location": "Field B",
            "played_on": "2012-11-03T13:58:45Z",
            "away_roster": 14,
            "updated_on": "2012-11-04T04:08:46.729Z"
        }
    },
    {
        "pk": 3,
        "model": "softball.game",
        "fields": {
            "created_on": "2012-11-04T04:09:25.504Z",
            "home_roster": 2,
            "location": "Field A",
            "played_on": "2012-11-04T10:09:24Z",
            "away_roster": 11,
            "updated_on": "2012-11-04T04:09:25.504Z"
        }
    },
    {
        "pk": 4,
        "model": "softball.game",
        "fields": {
            "created_on": "2012-11-04T04:09:41.364Z",
            "home_roster": 7,
            "location": "Field B",
            "played_on": "2012-11-04T10:09:41Z",
            "away_roster": 15,
            "updated_on": "2012-11-04T04:09:41.364Z"
        }
    },
    {
        "pk": 5,
        "model": "softball.game",
        "fields": {
            "created_on": "2012-11-04T04:11:35.835Z",
            "home_roster": 16,
            "location": "Field A",
            "played_on": "2012-11-02T13:11:29Z",
            "away_roster": 3,
            "updated_on": "2012-11-04T04:11:35.835Z"
        }
    },
    {
        "pk": 6,
        "model": "softball.game",
        "fields": {
            "created_on": "2012-11-04T04:11:53.286Z",
            "home_roster": 12,
            "location": "Field B",
            "played_on": "2012-11-02T13:11:54Z",
            "away_roster": 8,
            "updated_on": "2012-11-04T04:11:53.286Z"
        }
    },
    {
        "pk": 7,
        "model": "softball.game",
        "fields": {
            "created_on": "2012-11-04T04:12:30.425Z",
            "home_roster": 13,
            "location": "Field B",
            "played_on": "2012-11-01T12:12:12Z",
            "away_roster": 4,
            "updated_on": "2012-11-04T04:12:30.425Z"
        }
    },
    {
        "pk": 8,
        "model": "softball.game",
        "fields": {
            "created_on": "2012-11-04T04:12:47.658Z",
            "home_roster": 17,
            "location": "Field A",
            "played_on": "2012-11-01T12:12:46Z",
            "away_roster": 9,
            "updated_on": "2012-11-04T04:13:53.686Z"
        }
    },
    {
        "pk": 1,
        "model": "softball.roster",
        "fields": {
            "updated_on": "2012-11-04T03:53:35.237Z",
            "created_on": "2012-11-04T03:53:35.237Z",
            "team": 1
        }
    },
    {
        "pk": 2,
        "model": "softball.roster",
        "fields": {
            "updated_on": "2012-11-04T03:53:35.237Z",
            "created_on": "2012-11-04T03:53:35.237Z",
            "team": 1
        }
    },
    {
        "pk": 3,
        "model": "softball.roster",
        "fields": {
            "updated_on": "2012-11-04T03:53:35.237Z",
            "created_on": "2012-11-04T03:53:35.237Z",
            "team": 1
        }
    },
    {
        "pk": 4,
        "model": "softball.roster",
        "fields": {
            "updated_on": "2012-11-04T03:53:35.237Z",
            "created_on": "2012-11-04T03:53:35.237Z",
            "team": 1
        }
    },
    {
        "pk": 6,
        "model": "softball.roster",
        "fields": {
            "updated_on": "2012-11-04T03:53:35.237Z",
            "created_on": "2012-11-04T03:53:35.237Z",
            "team": 2
        }
    },
    {
        "pk": 7,
        "model": "softball.roster",
        "fields": {
            "updated_on": "2012-11-04T03:53:35.237Z",
            "created_on": "2012-11-04T03:53:35.237Z",
            "team": 2
        }
    },
    {
        "pk": 8,
        "model": "softball.roster",
        "fields": {
            "updated_on": "2012-11-04T03:53:35.237Z",
            "created_on": "2012-11-04T03:53:35.237Z",
            "team": 2
        }
    },
    {
        "pk": 9,
        "model": "softball.roster",
        "fields": {
            "updated_on": "2012-11-04T03:53:35.237Z",
            "created_on": "2012-11-04T03:53:35.237Z",
            "team": 2
        }
    },
    {
        "pk": 10,
        "model": "softball.roster",
        "fields": {
            "updated_on": "2012-11-04T03:53:35.237Z",
            "created_on": "2012-11-04T03:53:35.237Z",
            "team": 3
        }
    },
    {
        "pk": 11,
        "model": "softball.roster",
        "fields": {
            "updated_on": "2012-11-04T03:53:35.237Z",
            "created_on": "2012-11-04T03:53:35.237Z",
            "team": 3
        }
    },
    {
        "pk": 12,
        "model": "softball.roster",
        "fields": {
            "updated_on": "2012-11-04T03:53:35.237Z",
            "created_on": "2012-11-04T03:53:35.237Z",
            "team": 3
        }
    },
    {
        "pk": 13,
        "model": "softball.roster",
        "fields": {
            "updated_on": "2012-11-04T03:53:35.237Z",
            "created_on": "2012-11-04T03:53:35.237Z",
            "team": 3
        }
    },
    {
        "pk": 14,
        "model": "softball.roster",
        "fields": {
            "updated_on": "2012-11-04T03:53:35.237Z",
            "created_on": "2012-11-04T03:53:35.237Z",
            "team": 4
        }
    },
    {
        "pk": 15,
        "model": "softball.roster",
        "fields": {
            "updated_on": "2012-11-04T03:53:35.237Z",
            "created_on": "2012-11-04T03:53:35.237Z",
            "team": 4
        }
    },
    {
        "pk": 16,
        "model": "softball.roster",
        "fields": {
            "updated_on": "2012-11-04T03:53:35.237Z",
            "created_on": "2012-11-04T03:53:35.237Z",
            "team": 4
        }
    },
    {
        "pk": 17,
        "model": "softball.roster",
        "fields": {
            "updated_on": "2012-11-05T04:35:54.726Z",
            "created_on": "2012-11-04T03:53:35.237Z",
            "team": 4
        }
    },
    {
        "pk": 1,
        "model": "softball.statistic",
        "fields": {
            "runs": 1,
            "triples": 0,
            "at_bats": 3,
            "roster": 17,
            "singles": 1,
            "home_runs": 1,
            "player": 62,
            "created_on": "2012-11-04T04:34:30.731Z",
            "walks": 0,
            "rbis": 1,
            "doubles": 1,
            "strikeouts": 1,
            "updated_on": "2012-11-04T04:34:30.731Z"
        }
    },
    {
        "pk": 2,
        "model": "softball.statistic",
        "fields": {
            "runs": 2,
            "triples": 1,
            "at_bats": 4,
            "roster": 17,
            "singles": 1,
            "home_runs": 1,
            "player": 66,
            "created_on": "2012-11-05T04:35:54.729Z",
            "walks": 1,
            "rbis": 2,
            "doubles": 0,
            "strikeouts": 1,
            "updated_on": "2012-11-05T04:35:54.729Z"
        }
    }
]
